date,ticker,name,rank,score,ret_1m,ret_3m,ret_6m,rs_3m_vs_spy,volume_ratio,source_etfs,is_held,acceleration,vol_20d,target_weight,industry,industry_rank
2026-03-11,MU,MU,1.0,0.75839,0.09176,0.69565,2.095903,0.706329,1.041185,SMH,1,,,,,
2026-03-11,ZIM,ZIM,2.0,0.645519,0.322809,0.397908,1.110526,0.408587,1.131453,SEA,1,,,,,
2026-03-11,OXY,OXY,3.0,0.560019,0.19117,0.34381,0.231281,0.354489,1.523936,XOP,1,,,,,
2026-03-11,APA,APA,4.0,0.511887,0.199345,0.261285,0.522161,0.271964,1.228325,XOP,1,,,,,
2026-03-11,AMAT,AMAT,5.0,0.5096,0.062014,0.309181,1.147217,0.319859,1.024494,SMH,1,,,,,
2026-03-11,HWM,HWM,6.0,0.467162,0.117699,0.299577,0.406023,0.310255,1.093116,ITA,1,,,,,
2026-03-11,LMT,LMT,7.0,0.461253,0.017516,0.395569,0.420973,0.406247,1.027554,"ITA,XLI",0,,,,,
2026-03-11,EOG,EOG,8.0,0.459098,0.163695,0.197885,0.129571,0.208563,1.35619,"VDE,XOP",0,,,,,
2026-03-11,FANG,FANG,9.0,0.453909,0.064353,0.121381,0.29606,0.13206,1.630191,XOP,0,,,,,
2026-03-11,COP,COP,10.0,0.444933,0.076633,0.260013,0.274004,0.270691,1.215912,"VDE,XOP",0,,,,,
2026-03-11,RTX,RTX,11.0,0.44172,0.056425,0.208372,0.365799,0.21905,1.312671,"ITA,XLI",0,,,,,
2026-03-11,XOM,XOM,12.0,0.438307,0.002447,0.306949,0.369905,0.317628,1.162332,"VDE,XOP",0,,,,,
2026-03-11,NOC,NOC,13.0,0.434916,0.050371,0.324482,0.282613,0.33516,1.0443,ITA,0,,,,,
2026-03-11,DE,DE,14.0,0.430572,0.014291,0.273807,0.249033,0.284485,1.240344,XLI,0,,,,,
2026-03-11,PSX,PSX,15.0,0.425459,0.07619,0.218898,0.281276,0.229577,1.189035,VDE,0,,,,,
2026-03-11,DVN,DVN,16.0,0.424379,0.043238,0.207346,0.322064,0.218025,1.258419,XOP,0,,,,,
2026-03-11,LHX,LHX,17.0,0.421873,0.038962,0.293307,0.345573,0.303986,1.025123,ITA,0,,,,,
2026-03-11,CVX,CVX,18.0,0.419413,0.050329,0.289691,0.238553,0.30037,1.056866,VDE,0,,,,,
2026-03-11,MPC,MPC,19.0,0.406935,0.110056,0.195508,0.237799,0.206186,1.079627,VDE,0,,,,,
2026-03-11,EXC,EXC,20.0,0.400206,0.110757,0.127164,0.133442,0.137842,1.265698,XLU,0,,,,,
2026-03-11,CAT,CAT,21.0,0.399216,-0.046529,0.186236,0.692435,0.196915,1.12528,XLI,0,,,,,
2026-03-11,ASML,ASML,22.0,0.39509,-0.029948,0.23845,0.722306,0.249128,0.915726,SMH,0,,,,,
2026-03-11,WMB,WMB,23.0,0.388591,0.096537,0.200969,0.29234,0.211647,0.945369,VDE,0,,,,,
2026-03-11,ED,ED,24.0,0.385711,0.047432,0.170665,0.152196,0.181344,1.192035,XLU,0,,,,,
2026-03-11,KMI,KMI,25.0,0.383295,0.067441,0.212166,0.241742,0.222844,0.977125,VDE,0,,,,,
2026-03-11,VZ,VZ,26.0,0.382993,0.077839,0.227119,0.163186,0.237797,0.962063,SCHD,0,,,,,
2026-03-11,INTC,INTC,27.0,0.380064,-0.044984,0.190571,0.963175,0.201249,0.827597,SMH,0,,,,,
2026-03-11,DUK,DUK,28.0,0.380008,0.068271,0.128537,0.080163,0.139215,1.256753,XLU,0,,,,,
2026-03-11,SLB,SLB,29.0,0.379115,-0.046894,0.259676,0.346283,0.270354,1.020367,VDE,0,,,,,
2026-03-11,KLAC,KLAC,30.0,0.374832,0.017248,0.196319,0.59633,0.206997,0.86131,SMH,0,,,,,
2026-03-11,AEP,AEP,31.0,0.372177,0.083898,0.134192,0.211333,0.14487,1.080569,XLU,0,,,,,
2026-03-11,SO,SO,32.0,0.368962,0.076975,0.125058,0.055367,0.135737,1.190033,XLU,0,,,,,
2026-03-11,NEE,NEE,33.0,0.364795,0.024363,0.137927,0.308121,0.148605,1.096463,XLU,0,,,,,
2026-03-11,TSM,TSM,34.0,0.362255,-0.002392,0.174545,0.41304,0.185224,0.98579,"EWT,SMH",0,,,,,
2026-03-11,SEDG,SEDG,35.0,0.36168,-0.019293,0.186001,0.201398,0.196679,1.116089,ICLN,0,,,,,
2026-03-11,CTRA,CTRA,36.0,0.360804,0.027532,0.179902,0.314465,0.19058,0.95632,XOP,0,,,,,
2026-03-11,ADI,ADI,37.0,0.360655,-0.011611,0.143625,0.286244,0.154303,1.14724,SMH,0,,,,,
2026-03-11,HON,HON,38.0,0.359283,-0.001668,0.247148,0.186022,0.257827,0.920096,XLI,0,,,,,
2026-03-11,ENPH,ENPH,39.0,0.342088,-0.13837,0.387324,0.14233,0.398002,0.787172,ICLN,0,,,,,
2026-03-11,GE,GE,40.0,0.335447,0.026552,0.132177,0.177056,0.142856,0.994885,XLI,0,,,,,
2026-03-11,MRK,MRK,41.0,0.321028,-0.01224,0.174669,0.373478,0.185347,0.765358,SCHD,0,,,,,
2026-03-11,KO,KO,42.0,0.31841,-0.004361,0.105053,0.143973,0.115732,1.039504,SCHD,0,,,,,
2026-03-11,SRE,SRE,43.0,0.308669,0.0607,0.052518,0.155254,0.063196,0.958095,XLU,0,,,,,
2026-03-11,XEL,XEL,44.0,0.301236,0.059793,0.069589,0.124688,0.080268,0.888182,XLU,0,,,,,
2026-03-11,UNP,UNP,45.0,0.298945,-0.0127,0.066556,0.162277,0.077234,1.01691,XLI,0,,,,,
2026-03-11,D,D,46.0,0.292987,-0.002405,0.064511,0.057094,0.075189,1.023529,XLU,0,,,,,
2026-03-11,PEP,PEP,47.0,0.277346,-0.037965,0.099705,0.119147,0.110383,0.876775,SCHD,0,,,,,
2026-03-11,NVDA,NVDA,48.0,0.268603,-0.021101,0.002587,0.089424,0.013265,1.041537,SMH,0,,,,,
2026-03-11,CSCO,CSCO,49.0,0.260009,-0.100023,-0.009637,0.159786,0.001041,1.147085,SCHD,0,,,,,
2026-03-11,ETN,ETN,50.0,0.244945,-0.05641,0.036111,0.02171,0.046789,0.923728,XLI,0,,,,,
2026-03-11,PFE,PFE,51.0,0.243719,0.009242,0.059371,0.104816,0.07005,0.665766,SCHD,0,,,,,
2026-03-11,AVGO,AVGO,52.0,0.183822,-0.006891,-0.148417,0.014554,-0.137739,0.883225,"SCHD,SMH",0,,,,,
2026-03-11,ZIM,ZIM,1.0,0.766625,0.322809,0.397908,1.110526,0.408587,1.131453,SEA,1,0.190173,0.06087,0.088457,,
2026-03-11,MU,MU,2.0,0.72796,0.09176,0.69565,2.095903,0.706329,1.041185,SMH,1,-0.140123,0.042943,0.125382,,
2026-03-11,OXY,OXY,3.0,0.700831,0.19117,0.34381,0.231281,0.354489,1.523936,XOP,1,0.076567,0.028865,0.186537,,
2026-03-11,APA,APA,4.0,0.619427,0.199345,0.261285,0.522161,0.271964,1.228325,XOP,1,0.11225,0.029448,0.182846,,
2026-03-11,EOG,EOG,5.0,0.580385,0.163695,0.197885,0.129571,0.208563,1.35619,"VDE,XOP",0,0.097734,0.019842,0.0,,
2026-03-11,HWM,HWM,6.0,0.555953,0.117699,0.299577,0.406023,0.310255,1.093116,ITA,1,0.01784,0.020014,0.269023,,
2026-03-11,COP,COP,7.0,0.524045,0.076633,0.260013,0.274004,0.270691,1.215912,"VDE,XOP",0,-0.010038,0.018251,0.0,,
2026-03-11,LMT,LMT,8.0,0.518384,0.017516,0.395569,0.420973,0.406247,1.027554,"ITA,XLI",0,-0.114341,0.016771,0.0,,
2026-03-11,NOC,NOC,9.0,0.509996,0.050371,0.324482,0.282613,0.33516,1.0443,ITA,0,-0.05779,0.021609,0.0,,
2026-03-11,FANG,FANG,10.0,0.509292,0.064353,0.121381,0.29606,0.13206,1.630191,XOP,0,0.023892,0.018424,0.0,,
2026-03-11,AMAT,AMAT,11.0,0.508007,0.062014,0.309181,1.147217,0.319859,1.024494,SMH,1,-0.041046,0.036441,0.147756,,
2026-03-11,PSX,PSX,12.0,0.498799,0.07619,0.218898,0.281276,0.229577,1.189035,VDE,0,0.003224,0.019744,0.0,,
2026-03-11,RTX,RTX,13.0,0.497772,0.056425,0.208372,0.365799,0.21905,1.312671,"ITA,XLI",0,-0.013033,0.018767,0.0,,
2026-03-11,MPC,MPC,14.0,0.495603,0.110056,0.195508,0.237799,0.206186,1.079627,VDE,0,0.044887,0.027546,0.0,,
2026-03-11,CVX,CVX,15.0,0.494377,0.050329,0.289691,0.238553,0.30037,1.056866,VDE,0,-0.046235,0.013838,0.0,,
2026-03-11,EXC,EXC,16.0,0.490614,0.110757,0.127164,0.133442,0.137842,1.265698,XLU,0,0.068369,0.017752,0.0,,
2026-03-11,DE,DE,17.0,0.487649,0.014291,0.273807,0.249033,0.284485,1.240344,XLI,0,-0.076978,0.032023,0.0,,
2026-03-11,XOM,XOM,18.0,0.483268,0.002447,0.306949,0.369905,0.317628,1.162332,"VDE,XOP",0,-0.09987,0.018702,0.0,,
2026-03-11,LHX,LHX,19.0,0.482666,0.038962,0.293307,0.345573,0.303986,1.025123,ITA,0,-0.058807,0.021466,0.0,,
2026-03-11,DVN,DVN,20.0,0.478844,0.043238,0.207346,0.322064,0.218025,1.258419,XOP,0,-0.025877,0.019817,0.0,,
2026-03-11,VZ,VZ,21.0,0.468889,0.077839,0.227119,0.163186,0.237797,0.962063,SCHD,0,0.002133,0.013002,0.0,,
2026-03-11,WMB,WMB,22.0,0.467249,0.096537,0.200969,0.29234,0.211647,0.945369,VDE,0,0.029547,0.0113,0.0,,
2026-03-11,DUK,DUK,23.0,0.457782,0.068271,0.128537,0.080163,0.139215,1.256753,XLU,0,0.025426,0.008329,0.0,,
2026-03-11,KMI,KMI,24.0,0.455828,0.067441,0.212166,0.241742,0.222844,0.977125,VDE,0,-0.003281,0.008991,0.0,,
2026-03-11,ED,ED,25.0,0.453196,0.047432,0.170665,0.152196,0.181344,1.192035,XLU,0,-0.009457,0.012242,0.0,,
2026-03-11,SO,SO,26.0,0.452233,0.076975,0.125058,0.055367,0.135737,1.190033,XLU,0,0.035289,0.015228,0.0,,
2026-03-11,AEP,AEP,27.0,0.445049,0.083898,0.134192,0.211333,0.14487,1.080569,XLU,0,0.039167,0.01341,0.0,,
2026-03-11,HON,HON,28.0,0.412328,-0.001668,0.247148,0.186022,0.257827,0.920096,XLI,0,-0.084051,0.011981,0.0,,
2026-03-11,CTRA,CTRA,29.0,0.406141,0.027532,0.179902,0.314465,0.19058,0.95632,XOP,0,-0.032435,0.019703,0.0,,
2026-03-11,NEE,NEE,30.0,0.404377,0.024363,0.137927,0.308121,0.148605,1.096463,XLU,0,-0.021613,0.013875,0.0,,
2026-03-11,SLB,SLB,31.0,0.400034,-0.046894,0.259676,0.346283,0.270354,1.020367,VDE,0,-0.133452,0.018102,0.0,,
2026-03-11,SEDG,SEDG,32.0,0.39865,-0.019293,0.186001,0.201398,0.196679,1.116089,ICLN,0,-0.081294,0.069859,0.0,,
2026-03-11,KLAC,KLAC,33.0,0.391863,0.017248,0.196319,0.59633,0.206997,0.86131,SMH,0,-0.048192,0.029254,0.0,,
2026-03-11,ADI,ADI,34.0,0.387939,-0.011611,0.143625,0.286244,0.154303,1.14724,SMH,0,-0.059486,0.021322,0.0,,
2026-03-11,GE,GE,35.0,0.387334,0.026552,0.132177,0.177056,0.142856,0.994885,XLI,0,-0.017507,0.018318,0.0,,
2026-03-11,ASML,ASML,36.0,0.385874,-0.029948,0.23845,0.722306,0.249128,0.915726,SMH,0,-0.109431,0.026973,0.0,,
2026-03-11,TSM,TSM,37.0,0.385391,-0.002392,0.174545,0.41304,0.185224,0.98579,"EWT,SMH",0,-0.060573,0.023385,0.0,,
2026-03-11,CAT,CAT,38.0,0.379599,-0.046529,0.186236,0.692435,0.196915,1.12528,XLI,0,-0.108608,0.023193,0.0,,
2026-03-11,SRE,SRE,39.0,0.367275,0.0607,0.052518,0.155254,0.063196,0.958095,XLU,0,0.043194,0.011656,0.0,,
2026-03-11,XEL,XEL,40.0,0.364323,0.059793,0.069589,0.124688,0.080268,0.888182,XLU,0,0.036597,0.011755,0.0,,
2026-03-11,ENPH,ENPH,41.0,0.35894,-0.13837,0.387324,0.14233,0.398002,0.787172,ICLN,0,-0.267478,0.044999,0.0,,
2026-03-11,KO,KO,42.0,0.357218,-0.004361,0.105053,0.143973,0.115732,1.039504,SCHD,0,-0.039378,0.010503,0.0,,
2026-03-11,MRK,MRK,43.0,0.343721,-0.01224,0.174669,0.373478,0.185347,0.765358,SCHD,0,-0.070463,0.016337,0.0,,
2026-03-11,INTC,INTC,44.0,0.336653,-0.044984,0.190571,0.963175,0.201249,0.827597,SMH,0,-0.108508,0.032846,0.0,,
2026-03-11,D,D,45.0,0.335771,-0.002405,0.064511,0.057094,0.075189,1.023529,XLU,0,-0.023909,0.010761,0.0,,
2026-03-11,UNP,UNP,46.0,0.327987,-0.0127,0.066556,0.162277,0.077234,1.01691,XLI,0,-0.034885,0.010396,0.0,,
2026-03-11,PEP,PEP,47.0,0.303796,-0.037965,0.099705,0.119147,0.110383,0.876775,SCHD,0,-0.0712,0.012444,0.0,,
2026-03-11,NVDA,NVDA,48.0,0.29321,-0.021101,0.002587,0.089424,0.013265,1.041537,SMH,0,-0.021963,0.022403,0.0,,
2026-03-11,PFE,PFE,49.0,0.286345,0.009242,0.059371,0.104816,0.07005,0.665766,SCHD,0,-0.010548,0.011738,0.0,,
2026-03-11,ETN,ETN,50.0,0.265084,-0.05641,0.036111,0.02171,0.046789,0.923728,XLI,0,-0.068447,0.023358,0.0,,
2026-03-11,CSCO,CSCO,51.0,0.243771,-0.100023,-0.009637,0.159786,0.001041,1.147085,SCHD,0,-0.096811,0.031822,0.0,,
2026-03-11,AVGO,AVGO,52.0,0.203198,-0.006891,-0.148417,0.014554,-0.137739,0.883225,"SCHD,SMH",0,0.042582,0.021507,0.0,,
2026-03-12,OXY,OXY,1.0,0.959423,0.262373,0.405776,0.261283,0.430636,1.594961,XOP,1,0.127114,0.030231,0.131904,,
2026-03-12,ZIM,ZIM,2.0,0.903834,0.312108,0.368898,1.060606,0.393757,1.15572,SEA,1,0.189142,0.061792,0.064531,,
2026-03-12,APA,APA,3.0,0.776414,0.224408,0.273589,0.443109,0.298448,1.238031,XOP,1,0.133212,0.029174,0.136682,,
2026-03-12,EOG,EOG,4.0,0.717278,0.180479,0.216199,0.10627,0.241058,1.354404,XOP,1,0.108413,0.017388,0.229332,,
2026-03-12,COP,COP,5.0,0.69925,0.118698,0.287167,0.275021,0.312026,1.22516,XOP,1,0.022975,0.017708,0.225178,,
2026-03-12,DVN,DVN,6.0,0.62687,0.062327,0.235027,0.300394,0.259886,1.296304,XOP,1,-0.016015,0.018776,0.212373,,
2026-03-12,XOM,XOM,7.0,0.609992,0.012798,0.298351,0.364711,0.32321,1.147091,XOP,0,-0.086653,0.017949,0.0,,
2026-03-12,FANG,FANG,8.0,0.604505,0.073504,0.119112,0.267617,0.143972,1.638008,XOP,0,0.033799,0.017724,0.0,,
2026-03-12,VZ,VZ,9.0,0.592894,0.068369,0.261335,0.164176,0.286195,0.924714,SCHD,0,-0.018743,0.010951,0.0,,
2026-03-12,EXC,EXC,10.0,0.582606,0.108423,0.130713,0.142198,0.155572,1.263792,XLU,0,0.064852,0.017718,0.0,,
2026-03-12,SO,SO,11.0,0.558327,0.078483,0.144461,0.068589,0.169321,1.198302,XLU,0,0.030329,0.015509,0.0,,
2026-03-12,ED,ED,12.0,0.55593,0.043346,0.180651,0.165328,0.205511,1.194584,XLU,0,-0.016871,0.012202,0.0,,
2026-03-12,DUK,DUK,13.0,0.55513,0.06616,0.143874,0.086279,0.168733,1.244057,XLU,0,0.018202,0.008406,0.0,,
2026-03-12,AEP,AEP,14.0,0.546097,0.090654,0.13914,0.220417,0.164,1.082277,XLU,0,0.044274,0.013393,0.0,,
2026-03-12,CTRA,CTRA,15.0,0.533717,0.046466,0.190618,0.312269,0.215477,0.989763,XOP,0,-0.017073,0.018554,0.0,,
2026-03-12,NEE,NEE,16.0,0.493007,0.009909,0.151808,0.291244,0.176668,1.099133,XLU,0,-0.040694,0.013819,0.0,,
2026-03-12,SEDG,SEDG,17.0,0.459893,-0.04349,0.162921,0.196125,0.187781,1.11025,ICLN,0,-0.097797,0.070044,0.0,,
2026-03-12,MRK,MRK,18.0,0.456223,-0.010585,0.196305,0.379388,0.221165,0.76112,SCHD,0,-0.07602,0.015735,0.0,,
2026-03-12,ENPH,ENPH,19.0,0.455257,-0.152239,0.350238,0.147629,0.375097,0.764178,ICLN,0,-0.268985,0.044378,0.0,,
2026-03-12,KO,KO,20.0,0.447442,0.010415,0.107291,0.144353,0.13215,1.013283,SCHD,0,-0.025348,0.00904,0.0,,
2026-03-12,XEL,XEL,21.0,0.426616,0.042839,0.067353,0.117688,0.092213,0.89993,XLU,0,0.020388,0.011772,0.0,,
2026-03-12,SRE,SRE,22.0,0.420692,0.038908,0.05514,0.136325,0.08,0.939415,XLU,0,0.020527,0.011152,0.0,,
2026-03-12,D,D,23.0,0.404739,-0.014893,0.074923,0.057556,0.099782,1.021832,XLU,0,-0.039867,0.010544,0.0,,
2026-03-12,PEG,PEG,24.0,0.373881,-0.008774,0.039581,0.009178,0.064441,0.95825,XLU,0,-0.021968,0.011365,0.0,,
2026-03-12,PEP,PEP,25.0,0.371352,-0.048572,0.098313,0.113557,0.123172,0.872215,SCHD,0,-0.081343,0.011986,0.0,,
2026-03-12,PFE,PFE,26.0,0.330548,-0.027164,0.060403,0.093203,0.085262,0.678282,SCHD,0,-0.047298,0.012177,0.0,,
2026-03-12,AVGO,AVGO,27.0,0.204462,-0.01313,-0.173078,-0.090916,-0.148219,0.891719,SCHD,0,0.044563,0.021766,0.0,,
2026-03-12,OXY,Occidental Petroleum,1.0,0.959423,0.262373,0.405776,0.261283,0.430636,1.594961,XOP,1,0.127114,0.030231,0.131904,,
2026-03-12,ZIM,ZIM Integrated Shipping,2.0,0.903834,0.312108,0.368898,1.060606,0.393757,1.15572,SEA,1,0.189142,0.061792,0.064531,,
2026-03-12,APA,APA Corporation,3.0,0.776414,0.224408,0.273589,0.443109,0.298448,1.238031,XOP,1,0.133212,0.029174,0.136682,,
2026-03-12,EOG,EOG Resources,4.0,0.717278,0.180479,0.216199,0.10627,0.241058,1.354404,XOP,1,0.108413,0.017388,0.229332,,
2026-03-12,COP,ConocoPhillips,5.0,0.69925,0.118698,0.287167,0.275021,0.312026,1.22516,XOP,1,0.022975,0.017708,0.225178,,
2026-03-12,DVN,Devon Energy,6.0,0.62687,0.062327,0.235027,0.300394,0.259886,1.296304,XOP,1,-0.016015,0.018776,0.212373,,
2026-03-12,XOM,Exxon Mobil,7.0,0.609992,0.012798,0.298351,0.364711,0.32321,1.147091,XOP,0,-0.086653,0.017949,0.0,,
2026-03-12,FANG,Diamondback Energy,8.0,0.604505,0.073504,0.119112,0.267617,0.143972,1.638008,XOP,0,0.033799,0.017724,0.0,,
2026-03-12,VZ,Verizon Communications,9.0,0.592894,0.068369,0.261335,0.164176,0.286195,0.924714,SCHD,0,-0.018743,0.010951,0.0,,
2026-03-12,EXC,Exelon Corporation,10.0,0.582606,0.108423,0.130713,0.142198,0.155572,1.263792,XLU,0,0.064852,0.017718,0.0,,
2026-03-12,SO,Southern Company,11.0,0.558327,0.078483,0.144461,0.068589,0.169321,1.198302,XLU,0,0.030329,0.015509,0.0,,
2026-03-12,ED,Consolidated Edison,12.0,0.55593,0.043346,0.180651,0.165328,0.205511,1.194584,XLU,0,-0.016871,0.012202,0.0,,
2026-03-12,DUK,Duke Energy,13.0,0.55513,0.06616,0.143874,0.086279,0.168733,1.244057,XLU,0,0.018202,0.008406,0.0,,
2026-03-12,AEP,American Electric Power,14.0,0.546097,0.090654,0.13914,0.220417,0.164,1.082277,XLU,0,0.044274,0.013393,0.0,,
2026-03-12,CTRA,Coterra Energy,15.0,0.533717,0.046466,0.190618,0.312269,0.215477,0.989763,XOP,0,-0.017073,0.018554,0.0,,
2026-03-12,NEE,NextEra Energy,16.0,0.493007,0.009909,0.151808,0.291244,0.176668,1.099133,XLU,0,-0.040694,0.013819,0.0,,
2026-03-12,SEDG,SolarEdge Technologies,17.0,0.459893,-0.04349,0.162921,0.196125,0.187781,1.11025,ICLN,0,-0.097797,0.070044,0.0,,
2026-03-12,MRK,Merck & Co,18.0,0.456223,-0.010585,0.196305,0.379388,0.221165,0.76112,SCHD,0,-0.07602,0.015735,0.0,,
2026-03-12,ENPH,Enphase Energy,19.0,0.455257,-0.152239,0.350238,0.147629,0.375097,0.764178,ICLN,0,-0.268985,0.044378,0.0,,
2026-03-12,KO,Coca Cola,20.0,0.447442,0.010415,0.107291,0.144353,0.13215,1.013283,SCHD,0,-0.025348,0.00904,0.0,,
2026-03-12,XEL,Xcel Energy,21.0,0.426616,0.042839,0.067353,0.117688,0.092213,0.89993,XLU,0,0.020388,0.011772,0.0,,
2026-03-12,SRE,Sempra Energy,22.0,0.420692,0.038908,0.05514,0.136325,0.08,0.939415,XLU,0,0.020527,0.011152,0.0,,
2026-03-12,D,Dominion Energy,23.0,0.404739,-0.014893,0.074923,0.057556,0.099782,1.021832,XLU,0,-0.039867,0.010544,0.0,,
2026-03-12,PEG,Public Service Enterprise Group,24.0,0.373881,-0.008774,0.039581,0.009178,0.064441,0.95825,XLU,0,-0.021968,0.011365,0.0,,
2026-03-12,PEP,PepsiCo,25.0,0.371352,-0.048572,0.098313,0.113557,0.123172,0.872215,SCHD,0,-0.081343,0.011986,0.0,,
2026-03-12,PFE,Pfizer Inc.,26.0,0.330548,-0.027164,0.060403,0.093203,0.085262,0.678282,SCHD,0,-0.047298,0.012177,0.0,,
2026-03-12,AVGO,Broadcom Inc.,27.0,0.204462,-0.01313,-0.173078,-0.090916,-0.148219,0.891719,SCHD,0,0.044563,0.021766,0.0,,
2026-03-12,OXY,Occidental Petroleum,1.0,0.855683,0.262373,0.405776,0.261283,0.430636,1.594961,XOP,1,0.127114,0.030231,0.146425,,
2026-03-12,ZIM,ZIM Integrated Shipping,2.0,0.804335,0.312108,0.368898,1.060606,0.393757,1.15572,SEA,1,0.189142,0.061792,0.071636,,
2026-03-12,VAL,Valaris Ltd,3.0,0.802739,0.162762,0.573682,0.761579,0.598541,1.135672,OIH,1,-0.028466,0.035226,0.125662,,
2026-03-12,APA,APA Corporation,4.0,0.695486,0.224408,0.273589,0.443109,0.298448,1.238031,XOP,1,0.133212,0.029174,0.151729,,
2026-03-12,TS,Tenaris SA ADR,5.0,0.681388,0.130811,0.31798,0.504358,0.34284,1.447185,OIH,0,0.024818,0.024647,0.0,,
2026-03-12,VLO,Valero Energy Corp,6.0,0.679387,0.182005,0.345026,0.48776,0.369886,1.083847,XLE,0,0.066996,0.025101,0.0,,
2026-03-12,NE,Noble Corp PLC Class A,7.0,0.675111,0.089912,0.417054,0.50527,0.441914,1.247862,OIH,0,-0.049106,0.027746,0.0,,
2026-03-12,EQIX,Equinix Inc,8.0,0.662895,0.133915,0.31161,0.244517,0.336469,1.336768,XLRE,0,0.030045,0.026938,0.0,,
2026-03-12,EOG,EOG Resources,9.0,0.64722,0.180479,0.216199,0.10627,0.241058,1.354404,"XLE,XOP",1,0.108413,0.017388,0.25458,,
2026-03-12,COP,ConocoPhillips,10.0,0.619836,0.118698,0.287167,0.275021,0.312026,1.22516,"XLE,XOP",1,0.022975,0.017708,0.249968,,
2026-03-12,FTI,TechnipFMC PLC,11.0,0.617104,0.038538,0.36328,0.52898,0.388139,1.325414,OIH,0,-0.082555,0.016895,0.0,,
2026-03-12,CVX,Chevron Corp,12.0,0.595706,0.080709,0.326487,0.248305,0.351346,1.114742,XLE,0,-0.02812,0.014408,0.0,,
2026-03-12,PSX,Phillips 66,13.0,0.588643,0.106668,0.244567,0.324684,0.269426,1.239856,XLE,0,0.025146,0.019771,0.0,,
2026-03-12,PWR,Quanta Services Inc,14.0,0.56695,0.110195,0.237903,0.452982,0.262762,1.107949,GRID,0,0.030894,0.023734,0.0,,
2026-03-12,DVN,Devon Energy,15.0,0.557911,0.062327,0.235027,0.300394,0.259886,1.296304,XOP,0,-0.016015,0.018776,0.0,,
2026-03-12,FANG,Diamondback Energy,16.0,0.553985,0.073504,0.119112,0.267617,0.143972,1.638008,XOP,0,0.033799,0.017724,0.0,,
2026-03-12,XOM,Exxon Mobil,17.0,0.532489,0.012798,0.298351,0.364711,0.32321,1.147098,"XLE,XOP",0,-0.086653,0.017949,0.0,,
2026-03-12,EXC,Exelon Corporation,18.0,0.528972,0.108423,0.130713,0.142198,0.155572,1.263792,XLU,0,0.064852,0.017718,0.0,,
2026-03-12,VZ,Verizon Communications,19.0,0.519448,0.068369,0.261335,0.164176,0.286195,0.924714,SCHD,0,-0.018743,0.010951,0.0,,
2026-03-12,KMI,Kinder Morgan Inc Class P,20.0,0.511002,0.075782,0.221083,0.218408,0.245943,0.98066,XLE,0,0.002088,0.008712,0.0,,
2026-03-12,SO,Southern Company,21.0,0.503513,0.078483,0.144461,0.068589,0.169321,1.198302,XLU,0,0.030329,0.015509,0.0,,
2026-03-12,DUK,Duke Energy,22.0,0.500845,0.06616,0.143874,0.086279,0.168733,1.244057,XLU,0,0.018202,0.008406,0.0,,
2026-03-12,ED,Consolidated Edison,23.0,0.496477,0.043346,0.180651,0.165328,0.205511,1.194606,XLU,0,-0.016871,0.012202,0.0,,
2026-03-12,AEP,American Electric Power,24.0,0.49172,0.090654,0.13914,0.220417,0.164,1.082277,XLU,0,0.044274,0.013393,0.0,,
2026-03-12,HAL,Halliburton Co,25.0,0.487556,0.024103,0.219034,0.541593,0.243894,1.092593,OIH,0,-0.048908,0.017084,0.0,,
2026-03-12,WMB,Williams Companies Inc,26.0,0.477642,0.067984,0.194476,0.251191,0.219335,0.902454,XLE,0,0.003158,0.009523,0.0,,
2026-03-12,CTRA,Coterra Energy,27.0,0.472532,0.046466,0.190618,0.312269,0.215477,0.989763,XOP,0,-0.017073,0.018554,0.0,,
2026-03-12,NEE,NextEra Energy,28.0,0.439413,0.009909,0.151808,0.291244,0.176668,1.099133,XLU,0,-0.040694,0.013819,0.0,,
2026-03-12,DLR,Digital Realty Trust Inc,29.0,0.437144,0.045615,0.10838,0.037437,0.13324,1.066831,XLRE,0,0.009488,0.014418,0.0,,
2026-03-12,NOV,NOV Inc,30.0,0.434018,0.008078,0.165629,0.432288,0.190488,1.023332,OIH,0,-0.047132,0.019802,0.0,,
2026-03-12,O,Realty Income Corp,31.0,0.43289,0.017684,0.139877,0.09386,0.164737,1.06253,XLRE,0,-0.028942,0.010116,0.0,,
2026-03-12,PSA,Public Storage,32.0,0.427341,0.018506,0.124778,0.031348,0.149637,1.077928,XLRE,0,-0.023086,0.01305,0.0,,
2026-03-12,SEDG,SolarEdge Technologies,33.0,0.406373,-0.04349,0.162921,0.196125,0.187781,1.11025,ICLN,0,-0.097797,0.070044,0.0,,
2026-03-12,KO,Coca Cola,34.0,0.401063,0.010415,0.107291,0.144353,0.13215,1.013283,SCHD,0,-0.025348,0.00904,0.0,,
2026-03-12,MRK,Merck & Co,35.0,0.396121,-0.010585,0.196305,0.379388,0.221165,0.76112,SCHD,0,-0.07602,0.015735,0.0,,
2026-03-12,VTR,Ventas Inc,36.0,0.388513,0.027414,0.077365,0.244765,0.102225,0.958192,XLRE,0,0.001625,0.008739,0.0,,
2026-03-12,XEL,Xcel Energy,37.0,0.385585,0.042839,0.067353,0.117688,0.092213,0.89993,XLU,0,0.020388,0.011772,0.0,,
2026-03-12,SRE,Sempra Energy,38.0,0.381785,0.038908,0.05514,0.136325,0.08,0.939424,XLU,0,0.020527,0.011152,0.0,,
2026-03-12,WELL,Welltower Inc,39.0,0.377772,0.026688,0.053115,0.226724,0.077975,0.981294,XLRE,0,0.008983,0.011857,0.0,,
2026-03-12,ENPH,Enphase Energy,40.0,0.375132,-0.152239,0.350238,0.147629,0.375097,0.764178,ICLN,0,-0.268985,0.044378,0.0,,
2026-03-12,D,Dominion Energy,41.0,0.364509,-0.014893,0.074923,0.057556,0.099782,1.021832,XLU,0,-0.039867,0.010544,0.0,,
2026-03-12,PEG,Public Service Enterprise Group,42.0,0.339178,-0.008774,0.039581,0.009178,0.064441,0.95825,XLU,0,-0.021968,0.011365,0.0,,
2026-03-12,JCI,Johnson Controls International PLC Registered Shares,43.0,0.337723,-0.056288,0.131036,0.214657,0.155895,0.850085,GRID,0,-0.099967,0.017987,0.0,,
2026-03-12,PEP,PepsiCo,44.0,0.328508,-0.048572,0.098313,0.113557,0.123172,0.872215,SCHD,0,-0.081343,0.011986,0.0,,
2026-03-12,PFE,Pfizer Inc.,45.0,0.29311,-0.027164,0.060403,0.093203,0.085262,0.678282,SCHD,0,-0.047298,0.012177,0.0,,
2026-03-12,AVGO,Broadcom Inc.,46.0,0.204462,-0.01313,-0.173078,-0.090916,-0.148219,0.891719,SCHD,0,0.044563,0.021766,0.0,,
2026-03-12,OXY,Occidental Petroleum,1.0,0.855683,0.262373,0.405776,0.261283,0.430636,1.594961,XOP,1,0.127114,0.030231,0.146425,,
2026-03-12,ZIM,ZIM Integrated Shipping,2.0,0.804335,0.312108,0.368898,1.060606,0.393757,1.15572,SEA,1,0.189142,0.061792,0.071636,,
2026-03-12,VAL,Valaris Ltd,3.0,0.802739,0.162762,0.573682,0.761579,0.598541,1.135672,OIH,1,-0.028466,0.035226,0.125662,,
2026-03-12,APA,APA Corporation,4.0,0.695486,0.224408,0.273589,0.443109,0.298448,1.238031,XOP,1,0.133212,0.029174,0.151729,,
2026-03-12,TS,Tenaris SA ADR,5.0,0.681388,0.130811,0.31798,0.504358,0.34284,1.447185,OIH,0,0.024818,0.024647,0.0,,
2026-03-12,VLO,Valero Energy Corp,6.0,0.679387,0.182005,0.345026,0.48776,0.369886,1.083847,XLE,0,0.066996,0.025101,0.0,,
2026-03-12,NE,Noble Corp PLC Class A,7.0,0.675111,0.089912,0.417054,0.50527,0.441914,1.247862,OIH,0,-0.049106,0.027746,0.0,,
2026-03-12,EQIX,Equinix Inc,8.0,0.662895,0.133915,0.31161,0.244517,0.336469,1.336768,XLRE,0,0.030045,0.026938,0.0,,
2026-03-12,EOG,EOG Resources,9.0,0.64722,0.180479,0.216199,0.10627,0.241058,1.354404,"XLE,XOP",1,0.108413,0.017388,0.25458,,
2026-03-12,COP,ConocoPhillips,10.0,0.619836,0.118698,0.287167,0.275021,0.312026,1.22516,"XLE,XOP",1,0.022975,0.017708,0.249968,,
2026-03-12,FTI,TechnipFMC PLC,11.0,0.617104,0.038538,0.36328,0.52898,0.388139,1.325414,OIH,0,-0.082555,0.016895,0.0,,
2026-03-12,CVX,Chevron Corp,12.0,0.595706,0.080709,0.326487,0.248305,0.351346,1.114742,XLE,0,-0.02812,0.014408,0.0,,
2026-03-12,PSX,Phillips 66,13.0,0.588643,0.106668,0.244567,0.324684,0.269426,1.239856,XLE,0,0.025146,0.019771,0.0,,
2026-03-12,PWR,Quanta Services Inc,14.0,0.56695,0.110195,0.237903,0.452982,0.262762,1.107949,GRID,0,0.030894,0.023734,0.0,,
2026-03-12,DVN,Devon Energy,15.0,0.557911,0.062327,0.235027,0.300394,0.259886,1.296304,XOP,0,-0.016015,0.018776,0.0,,
2026-03-12,FANG,Diamondback Energy,16.0,0.553985,0.073504,0.119112,0.267617,0.143972,1.638008,XOP,0,0.033799,0.017724,0.0,,
2026-03-12,XOM,Exxon Mobil,17.0,0.532489,0.012798,0.298351,0.364711,0.32321,1.147098,"XLE,XOP",0,-0.086653,0.017949,0.0,,
2026-03-12,EXC,Exelon Corporation,18.0,0.528972,0.108423,0.130713,0.142198,0.155572,1.263792,XLU,0,0.064852,0.017718,0.0,,
2026-03-12,VZ,Verizon Communications,19.0,0.519448,0.068369,0.261335,0.164176,0.286195,0.924714,SCHD,0,-0.018743,0.010951,0.0,,
2026-03-12,KMI,Kinder Morgan Inc Class P,20.0,0.511002,0.075782,0.221083,0.218408,0.245943,0.98066,XLE,0,0.002088,0.008712,0.0,,
2026-03-12,SO,Southern Company,21.0,0.503513,0.078483,0.144461,0.068589,0.169321,1.198302,XLU,0,0.030329,0.015509,0.0,,
2026-03-12,DUK,Duke Energy,22.0,0.500845,0.06616,0.143874,0.086279,0.168733,1.244057,XLU,0,0.018202,0.008406,0.0,,
2026-03-12,ED,Consolidated Edison,23.0,0.496477,0.043346,0.180651,0.165328,0.205511,1.194606,XLU,0,-0.016871,0.012202,0.0,,
2026-03-12,AEP,American Electric Power,24.0,0.49172,0.090654,0.13914,0.220417,0.164,1.082277,XLU,0,0.044274,0.013393,0.0,,
2026-03-12,HAL,Halliburton Co,25.0,0.487556,0.024103,0.219034,0.541593,0.243894,1.092593,OIH,0,-0.048908,0.017084,0.0,,
2026-03-12,WMB,Williams Companies Inc,26.0,0.477627,0.067984,0.194476,0.251191,0.219335,0.902358,XLE,0,0.003158,0.009523,0.0,,
2026-03-12,CTRA,Coterra Energy,27.0,0.472532,0.046466,0.190618,0.312269,0.215477,0.989763,XOP,0,-0.017073,0.018554,0.0,,
2026-03-12,NEE,NextEra Energy,28.0,0.439413,0.009909,0.151808,0.291244,0.176668,1.099133,XLU,0,-0.040694,0.013819,0.0,,
2026-03-12,DLR,Digital Realty Trust Inc,29.0,0.437144,0.045615,0.10838,0.037437,0.13324,1.066831,XLRE,0,0.009488,0.014418,0.0,,
2026-03-12,NOV,NOV Inc,30.0,0.434018,0.008078,0.165629,0.432288,0.190488,1.023332,OIH,0,-0.047132,0.019802,0.0,,
2026-03-12,O,Realty Income Corp,31.0,0.43289,0.017684,0.139877,0.09386,0.164737,1.06253,XLRE,0,-0.028942,0.010116,0.0,,
2026-03-12,PSA,Public Storage,32.0,0.427291,0.018506,0.124778,0.031348,0.149637,1.077605,XLRE,0,-0.023086,0.01305,0.0,,
2026-03-12,SEDG,SolarEdge Technologies,33.0,0.406373,-0.04349,0.162921,0.196125,0.187781,1.11025,ICLN,0,-0.097797,0.070044,0.0,,
2026-03-12,KO,Coca Cola,34.0,0.401063,0.010415,0.107291,0.144353,0.13215,1.013283,SCHD,0,-0.025348,0.00904,0.0,,
2026-03-12,MRK,Merck & Co,35.0,0.396121,-0.010585,0.196305,0.379388,0.221165,0.76112,SCHD,0,-0.07602,0.015735,0.0,,
2026-03-12,VTR,Ventas Inc,36.0,0.388513,0.027414,0.077365,0.244765,0.102225,0.958192,XLRE,0,0.001625,0.008739,0.0,,
2026-03-12,XEL,Xcel Energy,37.0,0.385585,0.042839,0.067353,0.117688,0.092213,0.89993,XLU,0,0.020388,0.011772,0.0,,
2026-03-12,SRE,Sempra Energy,38.0,0.381785,0.038908,0.05514,0.136325,0.08,0.939424,XLU,0,0.020527,0.011152,0.0,,
2026-03-12,WELL,Welltower Inc,39.0,0.377772,0.026688,0.053115,0.226724,0.077975,0.981294,XLRE,0,0.008983,0.011857,0.0,,
2026-03-12,ENPH,Enphase Energy,40.0,0.375132,-0.152239,0.350238,0.147629,0.375097,0.764178,ICLN,0,-0.268985,0.044378,0.0,,
2026-03-12,D,Dominion Energy,41.0,0.364509,-0.014893,0.074923,0.057556,0.099782,1.021832,XLU,0,-0.039867,0.010544,0.0,,
2026-03-12,PEG,Public Service Enterprise Group,42.0,0.339178,-0.008774,0.039581,0.009178,0.064441,0.95825,XLU,0,-0.021968,0.011365,0.0,,
2026-03-12,JCI,Johnson Controls International PLC Registered Shares,43.0,0.337713,-0.056288,0.131036,0.214657,0.155895,0.850024,GRID,0,-0.099967,0.017987,0.0,,
2026-03-12,PEP,PepsiCo,44.0,0.328508,-0.048572,0.098313,0.113557,0.123172,0.872215,SCHD,0,-0.081343,0.011986,0.0,,
2026-03-12,PFE,Pfizer Inc.,45.0,0.29311,-0.027164,0.060403,0.093203,0.085262,0.678282,SCHD,0,-0.047298,0.012177,0.0,,
2026-03-12,AVGO,Broadcom Inc.,46.0,0.204462,-0.01313,-0.173078,-0.090916,-0.148219,0.891719,SCHD,0,0.044563,0.021766,0.0,,
2026-03-12,MU,Micron Technology,,0.581124,0.086001,0.605855,1.895357,0.630715,1.007765,,0,-0.11595,0.037738,0.0,semiconductor_core,1.0
2026-03-12,MRVL,Marvell Technology,,0.361275,0.069016,-0.013836,0.306557,0.011024,1.131169,,0,0.073628,0.047905,0.0,semiconductor_core,2.0
2026-03-12,AVGO,Broadcom,,0.208716,-0.01313,-0.173078,-0.090916,-0.148219,0.891719,,0,0.044563,0.021766,0.0,semiconductor_core,3.0
2026-03-12,FORM,FormFactor,,0.446873,-0.052519,0.516815,2.002717,0.541675,1.035475,,0,-0.224791,0.038129,0.0,semicap_eda_ip,1.0
2026-03-12,AMAT,Applied Materials,,0.411971,0.024919,0.262521,1.063823,0.287381,1.017975,,0,-0.062588,0.036989,0.0,semicap_eda_ip,2.0
2026-03-12,TER,Teradyne,,0.408133,-0.059956,0.433265,1.432609,0.458124,1.013867,,0,-0.204378,0.042972,0.0,semicap_eda_ip,3.0
2026-03-12,VRT,Vertiv,,0.737441,0.329426,0.487723,0.940763,0.512582,1.103095,,1,0.166852,0.032679,0.134249,cloud_network_infra,1.0
2026-03-12,CIEN,Ciena,,0.582825,0.127653,0.571402,1.593793,0.596261,0.876625,,0,-0.062814,0.045993,0.0,cloud_network_infra,2.0
2026-03-12,GLW,Corning,,0.538815,0.013037,0.424322,0.731883,0.449182,1.592403,,0,-0.128404,0.047711,0.0,cloud_network_infra,3.0
2026-03-12,NET,Cloudflare,,0.458231,0.17852,0.01522,-0.048706,0.04008,1.151743,,0,0.173446,0.040158,0.0,cloud_network_infra,4.0
2026-03-12,EBAY,eBay,,0.379668,0.028807,0.072833,-0.014131,0.097693,1.263465,,0,0.004529,0.026343,0.0,internet_commerce_platforms,1.0
2026-03-12,CME,CME Group,,0.387214,0.014441,0.152044,0.197299,0.176903,1.189066,,0,-0.03624,0.018309,0.0,payments_market_infra,1.0
2026-03-12,CB,Chubb,,0.34421,0.010146,0.094084,0.187818,0.118943,1.049728,,0,-0.021216,0.012023,0.0,insurance_brokers_pnc,1.0
2026-03-12,TRV,Travelers,,0.33032,0.011386,0.081853,0.108986,0.106712,0.97251,,0,-0.015898,0.008816,0.0,insurance_brokers_pnc,2.0
2026-03-12,ALL,Allstate,,0.306767,0.019289,0.019796,0.024996,0.044655,0.919126,,0,0.01269,0.013404,0.0,insurance_brokers_pnc,3.0
2026-03-12,OXY,Occidental Petroleum,,0.723046,0.262373,0.405776,0.261283,0.430636,1.594961,,1,0.127114,0.030231,0.145123,energy_integrated_ep_refining,1.0
2026-03-12,EOG,EOG Resources,,0.559588,0.180479,0.216199,0.10627,0.241058,1.354404,,1,0.108413,0.017388,0.252317,energy_integrated_ep_refining,2.0
2026-03-12,COP,ConocoPhillips,,0.520514,0.118698,0.287167,0.275021,0.312026,1.22516,,1,0.022975,0.017708,0.247746,energy_integrated_ep_refining,3.0
2026-03-12,PSX,Phillips 66,,0.497938,0.106668,0.244567,0.324684,0.269426,1.239856,,0,0.025146,0.019771,0.0,energy_integrated_ep_refining,4.0
2026-03-12,CVX,Chevron,,0.490752,0.080709,0.326487,0.248305,0.351346,1.114742,,0,-0.02812,0.014408,0.0,energy_integrated_ep_refining,5.0
2026-03-12,MPC,Marathon Petroleum,,0.483605,0.126966,0.20626,0.266278,0.23112,1.121142,,0,0.058212,0.027365,0.0,energy_integrated_ep_refining,6.0
2026-03-12,FANG,Diamondback Energy,,0.481097,0.073504,0.119112,0.267617,0.143972,1.638008,,0,0.033799,0.017724,0.0,energy_integrated_ep_refining,7.0
2026-03-12,DVN,Devon Energy,,0.468228,0.062327,0.235027,0.300394,0.259886,1.296304,,0,-0.016015,0.018776,0.0,energy_integrated_ep_refining,8.0
2026-03-12,XOM,Exxon Mobil,,0.433066,0.012798,0.298351,0.364711,0.32321,1.147098,,0,-0.086653,0.017949,0.0,energy_integrated_ep_refining,9.0
2026-03-12,VAL,Valaris,,0.64546,0.162762,0.573682,0.761579,0.598541,1.135672,,0,-0.028466,0.035226,0.0,energy_services_equipment,1.0
2026-03-12,NE,Noble Corporation,,0.54843,0.089912,0.417054,0.50527,0.441914,1.247862,,0,-0.049106,0.027746,0.0,energy_services_equipment,2.0
2026-03-12,FTI,TechnipFMC,,0.500238,0.038538,0.36328,0.52898,0.388139,1.325414,,0,-0.082555,0.016895,0.0,energy_services_equipment,3.0
2026-03-12,HAL,Halliburton,,0.405737,0.024103,0.219034,0.541593,0.243894,1.092593,,0,-0.048908,0.017084,0.0,energy_services_equipment,4.0
2026-03-12,NOV,NOV,,0.364872,0.008078,0.165629,0.432288,0.190488,1.023332,,0,-0.047132,0.019802,0.0,energy_services_equipment,5.0
2026-03-12,HP,Helmerich & Payne,,0.327872,-0.011101,0.137815,0.622723,0.162674,0.932175,,0,-0.05704,0.020863,0.0,energy_services_equipment,6.0
2026-03-12,CF,CF Industries,,0.979013,0.412107,0.773142,0.565017,0.798002,1.661674,,0,0.154393,0.042251,0.0,materials_chemicals_metals,1.0
2026-03-12,LIN,Linde,,0.440659,0.064928,0.256238,0.037466,0.281097,1.020748,,0,-0.020485,0.012197,0.0,materials_chemicals_metals,2.0
2026-03-12,APD,Air Products and Chemicals,,0.390387,-0.000997,0.258797,0.010365,0.283657,1.014771,,0,-0.087263,0.016604,0.0,materials_chemicals_metals,3.0
2026-03-12,HON,Honeywell,,0.337049,-0.040848,0.227323,0.169756,0.252182,0.929413,,0,-0.116623,0.013175,0.0,industrial_machinery_automation,1.0
2026-03-12,PWR,Quanta Services,,0.480419,0.110195,0.237903,0.452982,0.262762,1.107949,,0,0.030894,0.023734,0.0,electrical_power_grid,1.0
2026-03-12,GEV,GE Vernova,,0.421522,0.052252,0.330737,0.29298,0.355597,0.751757,,0,-0.057994,0.025051,0.0,electrical_power_grid,2.0
2026-03-12,NOC,Northrop Grumman,,0.480406,0.07489,0.337196,0.269767,0.362055,1.042444,,0,-0.037508,0.021404,0.0,aerospace_defense,1.0
2026-03-12,LMT,Lockheed Martin,,0.47246,0.036962,0.398252,0.407356,0.423112,1.035188,,0,-0.095788,0.016772,0.0,aerospace_defense,2.0
2026-03-12,HWM,Howmet Aerospace,,0.469716,0.086203,0.274143,0.326551,0.299002,1.067677,,0,-0.005178,0.020899,0.0,aerospace_defense,3.0
2026-03-12,LHX,L3Harris Technologies,,0.435383,0.037093,0.290262,0.29836,0.315122,1.04834,,0,-0.059661,0.021631,0.0,aerospace_defense,4.0
2026-03-12,RTX,RTX,,0.432567,0.040217,0.180946,0.309935,0.205805,1.301835,,0,-0.020098,0.019461,0.0,aerospace_defense,5.0
2026-03-12,HII,Huntington Ingalls Industries,,0.426556,0.038035,0.316272,0.52451,0.341132,0.908153,,0,-0.067389,0.022611,0.0,aerospace_defense,6.0
2026-03-12,FDX,FedEx,,0.362906,-0.040277,0.283502,0.564668,0.308362,0.967599,,0,-0.134778,0.015042,0.0,transport_logistics_rail,1.0
2026-03-12,XPO,XPO,,0.344597,-0.086407,0.28072,0.403101,0.30558,1.100558,,0,-0.17998,0.035831,0.0,transport_logistics_rail,2.0
2026-03-12,CSX,CSX,,0.285928,-0.041076,0.078361,0.223713,0.103221,0.950037,,0,-0.067196,0.015744,0.0,transport_logistics_rail,3.0
2026-03-12,ZIM,ZIM Integrated Shipping,,0.688449,0.312108,0.368898,1.060606,0.393757,1.15572,,1,0.189142,0.061792,0.070999,shipping_marine,1.0
2026-03-12,INSW,International Seaways,,0.534703,0.100594,0.347738,0.444276,0.372598,1.270907,,1,-0.015319,0.029333,0.149566,shipping_marine,2.0
2026-03-12,EW,Edwards Lifesciences,,0.401628,0.098118,0.01597,0.080864,0.04083,1.185664,,0,0.092795,0.020039,0.0,medical_devices_tools,1.0
2026-03-12,HOLX,Hologic,,0.288342,0.000798,0.004273,0.148069,0.029132,0.928809,,0,-0.000626,0.001747,0.0,medical_devices_tools,2.0
2026-03-12,JNJ,Johnson & Johnson,,0.386023,0.015481,0.210442,0.37687,0.235301,1.018351,,0,-0.054666,0.010563,0.0,pharma_biotech,1.0
2026-03-12,VRTX,Vertex Pharmaceuticals,,0.358644,0.031609,0.094094,0.23055,0.118953,1.035107,,0,0.000244,0.029544,0.0,pharma_biotech,2.0
2026-03-12,GILD,Gilead Sciences,,0.355385,-0.01372,0.216572,0.259957,0.241431,0.940365,,0,-0.085911,0.016262,0.0,pharma_biotech,3.0
2026-03-12,AMGN,Amgen,,0.348753,0.008611,0.171866,0.320563,0.196725,0.884275,,0,-0.048677,0.014997,0.0,pharma_biotech,4.0
2026-03-12,MRK,Merck,,0.326268,-0.010585,0.196305,0.379388,0.221165,0.76112,,0,-0.07602,0.015735,0.0,pharma_biotech,5.0
2026-03-12,BMY,Bristol Myers Squibb,,0.314133,-0.031384,0.16387,0.250265,0.188729,0.875631,,0,-0.086007,0.012208,0.0,pharma_biotech,6.0
2026-03-12,ABBV,AbbVie,,0.310197,0.013172,0.010673,0.064874,0.035533,1.003523,,0,0.009614,0.015168,0.0,pharma_biotech,7.0
2026-03-12,BIIB,Biogen,,0.237191,-0.021641,0.051524,0.296543,0.076384,0.550773,,0,-0.038816,0.017647,0.0,pharma_biotech,8.0
2026-03-12,ROST,Ross Stores,,0.44019,0.091041,0.185403,0.406057,0.210262,1.058684,,0,0.02924,0.020553,0.0,consumer_retail_offprice_auto,1.0
2026-03-12,COST,Costco Wholesale,,0.341578,0.033041,0.129305,0.04918,0.154165,0.806547,,0,-0.010061,0.012926,0.0,consumer_retail_offprice_auto,2.0
2026-03-12,TJX,TJX Companies,,0.307195,0.016309,0.01373,0.1139,0.038589,0.955366,,0,0.011732,0.011522,0.0,consumer_retail_offprice_auto,3.0
2026-03-12,WMT,Walmart,,0.30696,-0.010813,0.089258,0.248182,0.114117,0.905383,,0,-0.040566,0.019045,0.0,consumer_retail_offprice_auto,4.0
2026-03-12,KR,Kroger,,0.445651,0.102029,0.191733,0.118305,0.216592,1.020024,,0,0.038118,0.023224,0.0,consumer_staples_brands,1.0
2026-03-12,MO,Altria Group,,0.378648,0.051553,0.163974,0.022497,0.188833,0.883681,,0,-0.003105,0.01127,0.0,consumer_staples_brands,2.0
2026-03-12,KO,Coca-Cola,,0.344259,0.010415,0.107291,0.144353,0.13215,1.013283,,0,-0.025348,0.00904,0.0,consumer_staples_brands,3.0
2026-03-12,PEP,PepsiCo,,0.276887,-0.048572,0.098313,0.113557,0.123172,0.872215,,0,-0.081343,0.011986,0.0,consumer_staples_brands,4.0
2026-03-12,EXC,Exelon,,0.461443,0.108423,0.130713,0.142198,0.155572,1.263792,,0,0.064852,0.017718,0.0,utilities_power,1.0
2026-03-12,SO,Southern,,0.434675,0.078483,0.144461,0.068589,0.169321,1.198302,,0,0.030329,0.015509,0.0,utilities_power,2.0
2026-03-12,DUK,Duke Energy,,0.431222,0.06616,0.143874,0.086279,0.168733,1.244057,,0,0.018202,0.008406,0.0,utilities_power,3.0
2026-03-12,PCG,PG&E,,0.427732,0.078806,0.20547,0.184142,0.23033,0.982075,,0,0.010316,0.015042,0.0,utilities_power,4.0
2026-03-12,AEP,American Electric Power,,0.426392,0.090654,0.13914,0.220417,0.164,1.082277,,0,0.044274,0.013393,0.0,utilities_power,5.0
2026-03-12,ETR,Entergy,,0.384375,0.04824,0.121098,0.181818,0.145958,1.059387,,0,0.007874,0.01138,0.0,utilities_power,6.0
2026-03-12,NEE,NextEra Energy,,0.371521,0.009909,0.151808,0.291244,0.176668,1.099133,,0,-0.040694,0.013819,0.0,utilities_power,7.0
2026-03-12,XEL,Xcel Energy,,0.33933,0.042839,0.067353,0.117688,0.092213,0.89993,,0,0.020388,0.011772,0.0,utilities_power,8.0
2026-03-12,SRE,Sempra,,0.337252,0.038908,0.05514,0.136325,0.08,0.939424,,0,0.020527,0.011152,0.0,utilities_power,9.0
2026-03-12,D,Dominion Energy,,0.314394,-0.014893,0.074923,0.057556,0.099782,1.021832,,0,-0.039867,0.010544,0.0,utilities_power,10.0
2026-03-12,EQIX,Equinix,,0.556032,0.133915,0.31161,0.244517,0.336469,1.336768,,0,0.030045,0.026938,0.0,reits_infra_real_assets,1.0
2026-03-12,DLR,Digital Realty Trust,,0.378787,0.045615,0.10838,0.037437,0.13324,1.066831,,0,0.009488,0.014418,0.0,reits_infra_real_assets,2.0
2026-03-12,O,Realty Income,,0.368218,0.017684,0.139877,0.09386,0.164737,1.06253,,0,-0.028942,0.010116,0.0,reits_infra_real_assets,3.0
2026-03-12,PSA,Public Storage,,0.36548,0.018506,0.124778,0.031348,0.149637,1.077928,,0,-0.023086,0.01305,0.0,reits_infra_real_assets,4.0
2026-03-12,WELL,Welltower,,0.332835,0.026688,0.053115,0.226724,0.077975,0.981294,,0,0.008983,0.011857,0.0,reits_infra_real_assets,5.0
